1786831856.567592718,idle_bare_start
1786831976.569580463,idle_bare_end
1786831988.903146596,idle_srv_start
1786832168.905054782,idle_srv_end
1786832168.911410338,q0_start
1786832185.429800260,q0_end
1786832188.431513476,q1_start
1786832202.814645660,q1_end
1786832205.816317348,q2_start
1786832227.835748914,q2_end
1786832230.837458590,q3_start
1786832241.756751923,q3_end
1786832244.758632550,q4_start
1786832251.313232666,q4_end
1786832254.314842380,q5_start
1786832260.910187801,q5_end
1786832263.911801198,q6_start
1786832264.348729136,q6_end
1786832267.352105210,q7_start
1786832267.879898891,q7_end
1786832270.881651755,q8_start
1786832277.380159407,q8_end
1786832280.382145736,q9_start
1786832280.811610068,q9_end
1786832283.813551438,q10_start
1786832299.481047761,q10_end
1786832302.483002587,q11_start
1786832320.854883116,q11_end
1786832323.856631973,q12_start
1786832343.474735821,q12_end
1786832346.476492226,q13_start
1786832346.904244503,q13_end
1786832349.906195897,q14_start
1786832360.911427961,q14_end
1786832363.913200629,q15_start
1786832364.357760926,q15_end
1786832367.359665473,q16_start
1786832372.610817180,q16_end
1786832375.612524254,q17_start
1786832376.060475257,q17_end
1786832379.062498006,q18_start
1786832398.103414481,q18_end
1786832401.105418689,q19_start
1786832421.487286951,q19_end
1786832424.489571819,sustain_start
1786834832.137702091,sustain_end
