1786832439,14.024197069139149,58.7,0x0
1786832453,14.049864232649453,59.3,0x0
1786832467,14.037401674142636,58.7,0x0
1786832482,14.032901540952919,58.7,0x0
1786832496,14.040127386075774,59.8,0x0
1786832510,14.034950816970978,59.3,0x0
1786832525,14.04781553307702,59.8,0x0
1786832539,14.039251219344068,58.7,0x0
1786832553,14.04808786910385,59.3,0x0
1786832568,14.044328394598441,59.8,0x0
1786832582,14.044366857119986,59.3,0x0
1786832596,14.057457326479666,58.7,0x0
1786832611,14.021992654158488,59.3,0x0
1786832625,14.054101686063552,59.3,0x0
1786832639,14.033475593014334,59.8,0x0
1786832654,14.043000087558106,58.7,0x0
1786832668,14.052781403785733,59.3,0x0
1786832682,14.046263616623527,60.4,0x0
1786832697,14.053018384580243,59.3,0x0
1786832711,14.046406658783356,59.8,0x0
1786832725,14.049717172168465,59.8,0x0
1786832740,14.05921827091017,59.3,0x0
1786832754,14.043770218640436,59.8,0x0
1786832768,14.050702240047256,59.3,0x0
1786832783,14.041039149225357,59.3,0x0
1786832797,14.058094654416536,59.8,0x0
1786832811,14.046754904635176,59.8,0x0
1786832826,14.040222006798414,59.8,0x0
1786832840,14.050160336917225,58.2,0x0
1786832854,14.047173217097658,59.8,0x0
1786832869,14.050419931925715,60.4,0x0
1786832883,14.056573067929303,59.8,0x0
1786832897,14.039417771305606,60.9,0x0
1786832912,14.057949397848827,60.4,0x0
1786832926,14.049207912682487,58.2,0x0
1786832940,14.058889172019295,60.9,0x0
1786832955,14.04164935740849,59.3,0x0
1786832969,14.041811036961768,60.4,0x0
1786832983,14.054567843472029,58.7,0x0
1786832998,14.051398187889536,59.8,0x0
1786833012,14.045315666011666,59.3,0x0
1786833026,14.048433237946814,59.8,0x0
1786833041,14.043235752505383,59.8,0x0
1786833055,14.048024717780452,60.9,0x0
1786833069,14.049274035375086,60.4,0x0
1786833084,14.05130637805658,58.7,0x0
1786833098,14.048079975157377,60.4,0x0
1786833112,14.046834816175743,60.4,0x0
1786833127,14.053284997528026,59.3,0x0
1786833141,14.046534905955287,60.4,0x0
1786833155,14.055318500896272,59.8,0x0
1786833170,14.050168233201882,61.5,0x0
1786833184,14.041694706175784,59.8,0x0
1786833198,14.053411395349164,59.8,0x0
1786833213,14.045000039677124,59.3,0x0
1786833227,14.055883522266663,62.0,0x0
1786833241,14.043518758103549,59.8,0x0
1786833256,14.044142002285964,60.4,0x0
1786833270,14.048743097589103,59.8,0x0
1786833284,14.05077528665338,60.9,0x0
1786833298,14.050491988514846,61.5,0x0
1786833313,14.037053891899523,59.8,0x0
1786833327,14.04926515318616,60.4,0x0
1786833341,14.050043867749466,59.3,0x0
1786833356,14.040558117801405,59.8,0x0
1786833370,14.053068744028764,59.8,0x0
1786833384,14.045656952947821,58.7,0x0
1786833399,14.048078001672144,60.4,0x0
1786833413,14.043565105054995,59.8,0x0
1786833427,14.047960580298776,59.8,0x0
1786833442,14.048964152311846,59.8,0x0
1786833456,14.044286973656991,60.4,0x0
1786833470,14.052236378289013,59.3,0x0
1786833485,14.04815694151394,60.4,0x0
1786833499,14.055795605118165,61.5,0x0
1786833513,14.045899612129503,61.5,0x0
1786833528,14.063910346509436,59.8,0x0
1786833542,14.056157159081964,59.8,0x0
1786833556,14.041883005277503,59.8,0x0
1786833571,14.056709404451661,59.8,0x0
1786833585,14.04478897248113,59.3,0x0
1786833599,14.042932051868974,60.4,0x0
1786833614,14.052480252225157,59.8,0x0
1786833628,14.044937902413807,59.8,0x0
1786833642,14.050754557133915,60.4,0x0
1786833657,14.042256660856683,60.4,0x0
1786833671,14.037835194551413,60.4,0x0
1786833685,14.045002998608139,60.9,0x0
1786833700,14.042014127529995,60.4,0x0
1786833714,14.04530974788739,59.8,0x0
1786833728,14.038139660116986,60.4,0x0
1786833743,14.051806904285064,62.0,0x0
1786833757,14.056644199697965,61.5,0x0
1786833771,14.054182668817614,61.5,0x0
1786833786,14.05116718479175,59.8,0x0
1786833800,14.037822385609996,60.4,0x0
1786833814,14.05705223333526,62.6,0x0
1786833829,14.051164223262882,60.9,0x0
1786833843,14.046923607842762,60.9,0x0
1786833857,14.056834875906965,61.5,0x0
1786833872,14.052606635570589,62.6,0x0
1786833886,14.060938137355961,61.5,0x0
1786833900,14.055171326213639,61.5,0x0
1786833915,14.054193532428785,60.9,0x0
1786833929,14.06272764040368,61.5,0x0
1786833943,14.059211352756929,60.9,0x0
1786833958,14.058910913813042,60.9,0x0
1786833972,14.051545283563696,59.3,0x0
1786833986,14.060347997831052,59.8,0x0
1786834001,14.047148551756544,59.8,0x0
1786834015,14.051148428463357,60.9,0x0
1786834029,14.057542300199097,60.9,0x0
1786834044,14.045634265729356,59.8,0x0
1786834058,14.060978668018958,59.8,0x0
1786834072,14.053706661618575,59.3,0x0
1786834086,14.048383898500989,59.8,0x0
1786834101,14.058370353708598,60.9,0x0
1786834115,14.04786684195595,60.4,0x0
1786834129,14.05656417650884,60.4,0x0
1786834144,14.055327390740914,59.8,0x0
1786834158,14.059211352756929,60.4,0x0
1786834172,14.059570117396007,59.8,0x0
1786834187,14.050999366791714,59.8,0x0
1786834201,14.057850585572737,59.3,0x0
1786834215,14.044796862729456,60.4,0x0
1786834230,14.058653969640197,60.4,0x0
1786834244,14.055220713347428,60.4,0x0
1786834258,14.051192851427535,59.8,0x0
1786834273,14.048723360898569,59.8,0x0
1786834287,14.050746660190208,61.5,0x0
1786834301,14.057227112145815,59.8,0x0
1786834316,14.060756246526113,59.8,0x0
1786834330,14.041951030802071,60.9,0x0
1786834344,14.058459291270891,60.9,0x0
1786834359,14.05736444940326,60.9,0x0
1786834373,14.06219964020456,59.8,0x0
1786834387,14.054169830026058,60.9,0x0
1786834402,14.055090332065564,59.8,0x0
1786834416,14.066281302135353,59.8,0x0
1786834430,14.049553336600324,60.4,0x0
1786834445,14.061184290591811,59.3,0x0
1786834459,14.047771131465083,59.8,0x0
1786834473,14.057369389642375,60.9,0x0
1786834488,14.053114166586036,60.4,0x0
1786834502,14.052969012922267,61.5,0x0
1786834516,14.054091810181783,60.4,0x0
1786834531,14.044011826462361,60.9,0x0
1786834545,14.056746946856993,60.9,0x0
1786834559,14.041861316118387,60.4,0x0
1786834573,14.051730885184572,60.4,0x0
1786834588,14.060339101634318,60.4,0x0
1786834602,14.05563360336548,58.7,0x0
1786834616,14.045833521196357,60.9,0x0
1786834631,14.05019883138876,59.8,0x0
1786834645,14.05018007764551,60.4,0x0
1786834659,14.063828262655212,60.9,0x0
1786834674,14.05441673397561,59.8,0x0
1786834688,14.048478630543066,60.9,0x0
1786834702,14.047664568741613,60.9,0x0
1786834717,14.050657820185162,58.7,0x0
1786834731,14.0620335359813,61.5,0x0
1786834745,14.056274717519832,60.9,0x0
1786834760,14.060899584015315,61.5,0x0
1786834774,14.05673311542117,62.0,0x0
1786834788,14.059068049685308,60.4,0x0
1786834803,14.05674595889639,61.5,0x0
1786834817,14.031493687581778,61.5,0x0
1786834832,14.024463573033621,62.6,0x0
